{
	"entries": [
		{
			"deep_equal": {
				"type": "github.com/pierrre/compare.Result",
				"value": [
					{
						"path": [
							{
								"map": "0"
							}
						],
						"message": "int not equal",
						"v1": "0",
						"v2": "1"
					},
					{
						"path": [
							{
								"map": "1"
							}
						],
						"message": "int not equal",
						"v1": "1",
						"v2": "2"
					},
					{
						"path": [
							{
								"map": "2"
							}
						],
						"message": "int not equal",
						"v1": "2",
						"v2": "3"
					},
					{
						"path": [
							{
								"map": "3"
							}
						],
						"message": "int not equal",
						"v1": "3",
						"v2": "4"
					},
					{
						"path": [
							{
								"map": "4"
							}
						],
						"message": "int not equal",
						"v1": "4",
						"v2": "5"
					},
					{
						"path": [
							{
								"map": "5"
							}
						],
						"message": "int not equal",
						"v1": "5",
						"v2": "6"
					},
					{
						"path": [
							{
								"map": "6"
							}
						],
						"message": "int not equal",
						"v1": "6",
						"v2": "7"
					},
					{
						"path": [
							{
								"map": "7"
							}
						],
						"message": "int not equal",
						"v1": "7",
						"v2": "8"
					},
					{
						"path": [
							{
								"map": "8"
							}
						],
						"message": "int not equal",
						"v1": "8",
						"v2": "9"
					},
					{
						"path": [
							{
								"map": "9"
							}
						],
						"message": "int not equal",
						"v1": "9",
						"v2": "10"
					}
				]
			}
		}
	]
}
