{
	"entries": [
		{
			"deep_equal": {
				"type": "github.com/pierrre/compare.Result",
				"value": [
					{
						"path": [
							{
								"index": 0
							}
						],
						"message": "int not equal",
						"v1": "0",
						"v2": "1"
					},
					{
						"path": [
							{
								"index": 1
							}
						],
						"message": "int not equal",
						"v1": "1",
						"v2": "2"
					},
					{
						"path": [
							{
								"index": 2
							}
						],
						"message": "int not equal",
						"v1": "2",
						"v2": "3"
					},
					{
						"path": [
							{
								"index": 3
							}
						],
						"message": "int not equal",
						"v1": "3",
						"v2": "4"
					},
					{
						"path": [
							{
								"index": 4
							}
						],
						"message": "int not equal",
						"v1": "4",
						"v2": "5"
					},
					{
						"path": [
							{
								"index": 5
							}
						],
						"message": "int not equal",
						"v1": "5",
						"v2": "6"
					},
					{
						"path": [
							{
								"index": 6
							}
						],
						"message": "int not equal",
						"v1": "6",
						"v2": "7"
					},
					{
						"path": [
							{
								"index": 7
							}
						],
						"message": "int not equal",
						"v1": "7",
						"v2": "8"
					},
					{
						"path": [
							{
								"index": 8
							}
						],
						"message": "int not equal",
						"v1": "8",
						"v2": "9"
					},
					{
						"path": [
							{
								"index": 9
							}
						],
						"message": "int not equal",
						"v1": "9",
						"v2": "10"
					}
				]
			}
		}
	]
}
