{
	"entries": [
		{
			"equal": {
				"type": "string",
				"value": "(0+0i)"
			}
		},
		{
			"equal": {
				"type": "string",
				"value": "(0+1i)"
			}
		},
		{
			"equal": {
				"type": "string",
				"value": "(0+12.34i)"
			}
		},
		{
			"equal": {
				"type": "string",
				"value": "(0-1i)"
			}
		},
		{
			"equal": {
				"type": "string",
				"value": "(0+Infi)"
			}
		},
		{
			"equal": {
				"type": "string",
				"value": "(0-Infi)"
			}
		},
		{
			"equal": {
				"type": "string",
				"value": "(0+NaNi)"
			}
		},
		{
			"equal": {
				"type": "string",
				"value": "(1+0i)"
			}
		},
		{
			"equal": {
				"type": "string",
				"value": "(1+1i)"
			}
		},
		{
			"equal": {
				"type": "string",
				"value": "(1+12.34i)"
			}
		},
		{
			"equal": {
				"type": "string",
				"value": "(1-1i)"
			}
		},
		{
			"equal": {
				"type": "string",
				"value": "(1+Infi)"
			}
		},
		{
			"equal": {
				"type": "string",
				"value": "(1-Infi)"
			}
		},
		{
			"equal": {
				"type": "string",
				"value": "(1+NaNi)"
			}
		},
		{
			"equal": {
				"type": "string",
				"value": "(12.34+0i)"
			}
		},
		{
			"equal": {
				"type": "string",
				"value": "(12.34+1i)"
			}
		},
		{
			"equal": {
				"type": "string",
				"value": "(12.34+12.34i)"
			}
		},
		{
			"equal": {
				"type": "string",
				"value": "(12.34-1i)"
			}
		},
		{
			"equal": {
				"type": "string",
				"value": "(12.34+Infi)"
			}
		},
		{
			"equal": {
				"type": "string",
				"value": "(12.34-Infi)"
			}
		},
		{
			"equal": {
				"type": "string",
				"value": "(12.34+NaNi)"
			}
		},
		{
			"equal": {
				"type": "string",
				"value": "(-1+0i)"
			}
		},
		{
			"equal": {
				"type": "string",
				"value": "(-1+1i)"
			}
		},
		{
			"equal": {
				"type": "string",
				"value": "(-1+12.34i)"
			}
		},
		{
			"equal": {
				"type": "string",
				"value": "(-1-1i)"
			}
		},
		{
			"equal": {
				"type": "string",
				"value": "(-1+Infi)"
			}
		},
		{
			"equal": {
				"type": "string",
				"value": "(-1-Infi)"
			}
		},
		{
			"equal": {
				"type": "string",
				"value": "(-1+NaNi)"
			}
		},
		{
			"equal": {
				"type": "string",
				"value": "(+Inf+0i)"
			}
		},
		{
			"equal": {
				"type": "string",
				"value": "(+Inf+1i)"
			}
		},
		{
			"equal": {
				"type": "string",
				"value": "(+Inf+12.34i)"
			}
		},
		{
			"equal": {
				"type": "string",
				"value": "(+Inf-1i)"
			}
		},
		{
			"equal": {
				"type": "string",
				"value": "(+Inf+Infi)"
			}
		},
		{
			"equal": {
				"type": "string",
				"value": "(+Inf-Infi)"
			}
		},
		{
			"equal": {
				"type": "string",
				"value": "(+Inf+NaNi)"
			}
		},
		{
			"equal": {
				"type": "string",
				"value": "(-Inf+0i)"
			}
		},
		{
			"equal": {
				"type": "string",
				"value": "(-Inf+1i)"
			}
		},
		{
			"equal": {
				"type": "string",
				"value": "(-Inf+12.34i)"
			}
		},
		{
			"equal": {
				"type": "string",
				"value": "(-Inf-1i)"
			}
		},
		{
			"equal": {
				"type": "string",
				"value": "(-Inf+Infi)"
			}
		},
		{
			"equal": {
				"type": "string",
				"value": "(-Inf-Infi)"
			}
		},
		{
			"equal": {
				"type": "string",
				"value": "(-Inf+NaNi)"
			}
		},
		{
			"equal": {
				"type": "string",
				"value": "(NaN+0i)"
			}
		},
		{
			"equal": {
				"type": "string",
				"value": "(NaN+1i)"
			}
		},
		{
			"equal": {
				"type": "string",
				"value": "(NaN+12.34i)"
			}
		},
		{
			"equal": {
				"type": "string",
				"value": "(NaN-1i)"
			}
		},
		{
			"equal": {
				"type": "string",
				"value": "(NaN+Infi)"
			}
		},
		{
			"equal": {
				"type": "string",
				"value": "(NaN-Infi)"
			}
		},
		{
			"equal": {
				"type": "string",
				"value": "(NaN+NaNi)"
			}
		}
	]
}
